{
  "display": {
    "icon": {
      "id": "minecraft:beacon"
    },
    "title": "            Kaths Heat&Cold             ",
    "description": {
      "text": "Active\n\nBeacons have 2.5 times more range.\n\nlvl1 = 32 blocks\nlvl2 = 64 blocks\nlvl1 = 96 blocks\nlvl1 = 128 blocks"
    },
    "show_toast": false,
	"frame": "challenge",
    "announce_to_chat": false
  },
  "parent": "in_adv_in:ingame_infos/k_datapacks",
  "criteria": {
    "requirement": {
      "trigger": "minecraft:location"
    }
  }
}
